"Taxa","Group","RefInf","ID","BLUP","PEV","BLUE","Prediction"
"X2276","  1","1","  1",6.08966246789929e-05,0.000844912868086175,"9.09524707188879",9.09530796851347
"X2171","  2","1","  2",0.00017508642874668,0.000844986334364324,"9.09524707188879",9.09542215831754
"X7461","  3","1","  3",0.00307664657765942,0.000844889181861667,"9.09524707188879",9.09832371846645
"X9312","  4","1","  4",-0.00481060448475026,0.000895634748214356,"9.09524707188879",9.09043646740404
"X8424","  5","1","  5",0.00664273924412276,0.000822168212381458,"9.09524707188879",9.10188981113291
"X2016","  6","1","  6",0.00206129429126183,0.000848957936230471,"9.09524707188879",9.09730836618005
"X7354","  7","1","  7",-0.00300782813526181,0.000820264234789793,"9.09524707188879",9.09223924375353
"X9509","  8","1","  8",-0.00239852673754667,0.000812422424048904,"9.09524707188879",9.09284854515124
"X9569","  9","1","  9",-0.00602773028348707,0.000821138428232727,"9.09524707188879",9.0892193416053
"X9819"," 10","1"," 10",-0.00959833409216377,0.000817744946133393,"9.09524707188879",9.08564873779663
"X9756"," 11","1"," 11",0.00809447361011433,0.00069959376027772,"9.09524707188879",9.10334154549891
"X6148"," 12","1"," 12",-0.000493290903851251,0.000858406152333316,"9.09524707188879",9.09475378098494
"X9854"," 13","1"," 13",0.00760772190379393,0.000699201227729828,"9.09524707188879",9.10285479379258
"X9596"," 14","1"," 14",0.00808012834321512,0.000697759505286718,"9.09524707188879",9.10332720023201
"X9744"," 15","1"," 15",0.00347879208278637,0.000823899784141095,"9.09524707188879",9.09872586397158
"X9512"," 16","1"," 16",0.00719503565967468,0.000800187866297269,"9.09524707188879",9.10244210754847
"X5104"," 17","1"," 17",0.000555151945849735,0.000868628972601382,"9.09524707188879",9.09580222383464
"X9639"," 18","1"," 18",0.00375539220057401,0.000781771598774151,"9.09524707188879",9.09900246408936
"X6154"," 19","1"," 19",0.00128459720136322,0.000842062138172978,"9.09524707188879",9.09653166909015
"X9861"," 20","1"," 20",0.00142303487464478,0.000836121791173368,"9.09524707188879",9.09667010676344
"X7107"," 21","1"," 21",0.00593587017882643,0.000870018921905047,"9.09524707188879",9.10118294206762
"X10023"," 22","1"," 22",0.0102067489018307,0.000864449648060796,"9.09524707188879",9.10545382079062
"X9627"," 23","1"," 23",0.00242006939842083,0.000866954874195265,"9.09524707188879",9.09766714128721
"X9721"," 24","1"," 24",0.00221921614534664,0.000888700524334459,"9.09524707188879",9.09746628803414
"X9832"," 25","1"," 25",-0.000314290299368527,0.00089398349879919,"9.09524707188879",9.09493278158942
"X9649"," 26","1"," 26",0.00831243745435471,0.000698358884205818,"9.09524707188879",9.10355950934315
"X9793"," 27","1"," 27",0.00805509162634758,0.000696639900353816,"9.09524707188879",9.10330216351514
"X9616"," 28","1"," 28",0.00695891495629109,0.000823995720206897,"9.09524707188879",9.10220598684508
"X9612"," 29","1"," 29",0.00425262363171561,0.000796285357263503,"9.09524707188879",9.09949969552051
"X6108"," 30","1"," 30",0.0022813499314144,0.000807585146398706,"9.09524707188879",9.0975284218202
"X6137"," 31","1"," 31",0.0073957885747346,0.000828203080534239,"9.09524707188879",9.10264286046353
"X7717"," 32","1"," 32",0.00463982776894513,0.000822425425900214,"9.09524707188879",9.09988689965774
"X9548"," 33","1"," 33",-0.00533692228789595,0.00084864333072168,"9.09524707188879",9.08991014960089
"X9558"," 34","1"," 34",0.00806455073646145,0.000698115288373682,"9.09524707188879",9.10331162262525
"X9726"," 35","1"," 35",0.00816663212926875,0.000698108667037517,"9.09524707188879",9.10341370401806
"X6177"," 36","1"," 36",0.00563963730225902,0.000859185779119743,"9.09524707188879",9.10088670919105
"X9693"," 37","1"," 37",-0.000143689680786275,0.000819212833588548,"9.09524707188879",9.095103382208
"X9792"," 38","1"," 38",0.00819618064897241,0.000698224216247351,"9.09524707188879",9.10344325253776
"X8290"," 39","1"," 39",0.00579333305781141,0.000824037187666061,"9.09524707188879",9.1010404049466
"X9633"," 40","1"," 40",0.00126207537702085,0.000803586943965329,"9.09524707188879",9.09650914726581
"X8246"," 41","1"," 41",0.00489095512988469,0.000838903825590226,"9.09524707188879",9.10013802701867
"X9903"," 42","1"," 42",0.00809081640157315,0.000696537905155122,"9.09524707188879",9.10333788829036
"X6957"," 43","1"," 43",0.00233843730456,0.000837406746559138,"9.09524707188879",9.09758550919335
"X9669"," 44","1"," 44",-0.00264155767104009,0.000856409024343617,"9.09524707188879",9.09260551421775
"X9816"," 45","1"," 45",-0.00609444950232647,0.000836069494505713,"9.09524707188879",9.08915262238646
"X9655"," 46","1"," 46",0.00128944005280968,0.000831241508136443,"9.09524707188879",9.0965365119416
"X9668"," 47","1"," 47",0.0115418367169443,0.000796974180741898,"9.09524707188879",9.10678890860573
"X9841"," 48","1"," 48",-0.00171782025309123,0.000856560852172239,"9.09524707188879",9.0935292516357
"X9984"," 49","1"," 49",0.00552946892881941,0.000818154313349151,"9.09524707188879",9.10077654081761
"X9714"," 50","1"," 50",0.0106900901646468,0.000841595208272228,"9.09524707188879",9.10593716205344
"X9918"," 51","1"," 51",-0.000516187015874938,0.000858408429034627,"9.09524707188879",9.09473088487292
"X9645"," 52","1"," 52",0.00774064929829465,0.000855657639076254,"9.09524707188879",9.10298772118709
"X9658"," 53","1"," 53",0.0108821815639599,0.000790064596509278,"9.09524707188879",9.10612925345275
"X6989"," 54","1"," 54",0.00229722598809897,0.000822171014375155,"9.09524707188879",9.09754429787689
"X2031"," 55","1"," 55",0.0047294649588026,0.000860435026504069,"9.09524707188879",9.09997653684759
"X9638"," 56","1"," 56",-0.000935256099305726,0.0008445518327323,"9.09524707188879",9.09431181578949
"X1890"," 57","1"," 57",0.00862396350082576,0.000805949835391609,"9.09524707188879",9.10387103538962
"X9522"," 58","1"," 58",0.00952022994364871,0.000816022978921035,"9.09524707188879",9.10476730183244
"X9895"," 59","1"," 59",0.0107186583033764,0.000838081650238525,"9.09524707188879",9.10596573019217
"X10014"," 60","1"," 60",0.00475631186519052,0.000820735666005258,"9.09524707188879",9.10000338375398
"X9879"," 61","1"," 61",0.0111773830354211,0.00085774927446785,"9.09524707188879",9.10642445492421
"X9813"," 62","1"," 62",0.00914099285690559,0.000825350278457559,"9.09524707188879",9.1043880647457
"X768"," 63","1"," 63",0.00963085064864469,0.000817246932683446,"9.09524707188879",9.10487792253743
"X9858"," 64","1"," 64",-0.00201089587104797,0.000898064650451981,"9.09524707188879",9.09323617601774
"X9723"," 65","1"," 65",0.00430223169044157,0.000815821477418742,"9.09524707188879",9.09954930357923
"X9860"," 66","1"," 66",-0.000389606935117295,0.000864006797480779,"9.09524707188879",9.09485746495367
"X7263"," 67","1"," 67",-0.00711615559490493,0.000848868347780161,"9.09524707188879",9.08813091629388
"X9647"," 68","1"," 68",-0.0035490565756074,0.00085214498009942,"9.09524707188879",9.09169801531318
"X9815"," 69","1"," 69",0.00224628210595702,0.000846666556926757,"9.09524707188879",9.09749335399475
"X4779"," 70","1"," 70",-0.00350912873508581,0.000838310323577279,"9.09524707188879",9.0917379431537
"X6911"," 71","1"," 71",0.00104244046355609,0.000915858401021335,"9.09524707188879",9.09628951235235
"X9941"," 72","1"," 72",0.0112991615867182,0.000809363155729525,"9.09524707188879",9.10654623347551
"X9812"," 73","1"," 73",-0.00301612664109279,0.000837208296209444,"9.09524707188879",9.0922309452477
"X9738"," 74","1"," 74",-0.00347462626092859,0.000861047285471726,"9.09524707188879",9.09177244562786
"X7322"," 75","1"," 75",0.00156233465827129,0.000905590857276132,"9.09524707188879",9.09680940654706
"X9850"," 76","1"," 76",-0.00657856552960015,0.00088012386462485,"9.09524707188879",9.08866850635919
"X9883"," 77","1"," 77",0.00100431504612002,0.000815766577391295,"9.09524707188879",9.09625138693491
"X9451"," 78","1"," 78",0.00455711267699643,0.000879826706556033,"9.09524707188879",9.09980418456579
"X8234"," 79","1"," 79",-0.00168835589444381,0.000818005182579457,"9.09524707188879",9.09355871599435
"X9697"," 80","1"," 80",0.00334567387083374,0.000821099553260303,"9.09524707188879",9.09859274575962
"X9741"," 81","1"," 81",-0.00613139729928387,0.000808835150131329,"9.09524707188879",9.08911567458951
"X9554"," 82","1"," 82",-0.00903218459033885,0.000828943288399392,"9.09524707188879",9.08621488729845
"X7058"," 83","1"," 83",-0.00342861368371762,0.00082953198989697,"9.09524707188879",9.09181845820507
"X5726"," 84","1"," 84",-0.00432688166148765,0.000827692367277758,"9.09524707188879",9.0909201902273
"X6979"," 85","1"," 85",-0.0100185956638225,0.000835075699669101,"9.09524707188879",9.08522847622497
"X6218"," 86","1"," 86",0.00114164808441556,0.000818672126184516,"9.09524707188879",9.09638871997321
"X5486"," 87","1"," 87",0.00227951610544674,0.000820419147152791,"9.09524707188879",9.09752658799424
"X9531"," 88","1"," 88",0.000796287958122898,0.000886804719207021,"9.09524707188879",9.09604335984691
"X7094"," 89","1"," 89",0.00256380426573526,0.000893447278668003,"9.09524707188879",9.09781087615453
"X9642"," 90","1"," 90",0.00396055990935307,0.000859927207299164,"9.09524707188879",9.09920763179814
"X7372"," 91","1"," 91",0.000816834204799144,0.000862432409253317,"9.09524707188879",9.09606390609359
"X7517"," 92","1"," 92",-0.000448775002589757,0.000861392009013033,"9.09524707188879",9.0947982968862
"X9574"," 93","1"," 93",0.00437453532859015,0.000876309919243374,"9.09524707188879",9.09962160721738
"X9776"," 94","1"," 94",-0.00505551222724543,0.000849646770387034,"9.09524707188879",9.09019155966154
"X6097"," 95","1"," 95",0.00526307449619741,0.000880817616736855,"9.09524707188879",9.10051014638499
"X9552"," 96","1"," 96",-4.19604590911238e-05,0.000914755690146343,"9.09524707188879",9.0952051114297
"X9825"," 97","1"," 97",-0.00273556438552843,0.000854733783200939,"9.09524707188879",9.09251150750326
"X9409"," 98","1"," 98",0.00234727991787677,0.000873077405283045,"9.09524707188879",9.09759435180667
"X9988"," 99","1"," 99",-0.000422950070138541,0.000870526008579033,"9.09524707188879",9.09482412181865
"X9518","100","1","100",0.000208320122801864,0.000860431748834824,"9.09524707188879",9.09545539201159
"X5210","101","1","101",-0.000239967354977361,0.00085451284060261,"9.09524707188879",9.09500710453381
"X7424","102","1","102",-5.33780129665382e-06,0.000851491125404376,"9.09524707188879",9.09524173408749
"X9785","103","1","103",-0.000370038045227049,0.000860210299564138,"9.09524707188879",9.09487703384356
"X9684","104","1","104",0.00120474077806327,0.000859445904496417,"9.09524707188879",9.09645181266685
"X9075","105","1","105",0.0042937942688162,0.000871523055041397,"9.09524707188879",9.09954086615761
"X6268","106","1","106",0.00126172287002153,0.000874640993969252,"9.09524707188879",9.09650879475881
"X9622","107","1","107",-0.00123479100477139,0.000871576276401757,"9.09524707188879",9.09401228088402
"X9891","108","1","108",0.00149698607806849,0.000859711652308582,"9.09524707188879",9.09674405796686
"X9544","109","1","109",-0.000548985950678533,0.000860740320381815,"9.09524707188879",9.09469808593811
"X9521","110","1","110",-0.00136431113542645,0.000860172211569797,"9.09524707188879",9.09388276075336
"X4958","111","1","111",5.28437571292368e-05,0.000861552108360115,"9.09524707188879",9.09529991564592
"X9958","112","1","112",-0.00274059413213635,0.000888384430176818,"9.09524707188879",9.09250647775665
"X5822","113","1","113",0.00305885449838584,0.000871298578326595,"9.09524707188879",9.09830592638718
"X5349","114","1","114",-0.000631710876097864,0.000881121098929076,"9.09524707188879",9.09461536101269
"X10006","115","1","115",0.00397410765414858,0.000878231648904105,"9.09524707188879",9.09922117954294
"X9722","116","1","116",0.0016752569187253,0.000865984894110806,"9.09524707188879",9.09692232880752
"X9900","117","1","117",0.00435266151065765,0.000867096677656186,"9.09524707188879",9.09959973339945
"X7102","118","1","118",0.00751101977602077,0.000870385761598921,"9.09524707188879",9.10275809166481
"X9796","119","1","119",-0.00158845554642886,0.000870848052063342,"9.09524707188879",9.09365861634236
"X1872","120","1","120",0.000152223188679312,0.000880605303430502,"9.09524707188879",9.09539929507747
"X5720","121","1","121",-0.00187895917397944,0.000889638092894677,"9.09524707188879",9.09336811271481
"X9951","122","1","122",-0.000376909183128964,0.000885659866751615,"9.09524707188879",9.09487016270566
"X5950","123","1","123",0.00452346008373572,0.000878649199792531,"9.09524707188879",9.09977053197253
"X6939","124","1","124",0.0044542648150184,0.000878654293490282,"9.09524707188879",9.09970133670381
"X9959","125","1","125",-0.00514607073022599,0.000882721387488715,"9.09524707188879",9.09010100115857
"X5779","126","1","126",-0.00168286367817101,0.000878390351674813,"9.09524707188879",9.09356420821062
"X9665","127","1","127",0.00301880624513168,0.000853861747588773,"9.09524707188879",9.09826587813392
"X9630","128","1","128",-0.00867154006976609,0.000812516535582557,"9.09524707188879",9.08657553181902
"X428","129","1","129",-0.00268165801034328,0.000824075911140664,"9.09524707188879",9.09256541387845
"X6163","130","1","130",-0.00112428055663544,0.000823031422830472,"9.09524707188879",9.09412279133216
"X9901","131","1","131",0.00616262589586373,0.000841154429863355,"9.09524707188879",9.10140969778465
"X108","132","1","132",-0.00419697866758756,0.00082334511553597,"9.09524707188879",9.0910500932212
"X6933","133","1","133",0.00719134974581641,0.000843396558725535,"9.09524707188879",9.10243842163461
"X9556","134","1","134",-0.00843302341708345,0.000849232168592389,"9.09524707188879",9.08681404847171
"X9878","135","1","135",0.00651765013402277,0.000835209239169242,"9.09524707188879",9.10176472202281
"X10013","136","1","136",0.00702437327556421,0.000882884981192156,"9.09524707188879",9.10227144516436
"X350","137","1","137",-0.00350782123546668,0.00088049871409208,"9.09524707188879",9.09173925065332
"X6195","138","1","138",0.00564667334722567,0.000826682085801346,"9.09524707188879",9.10089374523602
"X9729","139","1","139",0.0121684354163158,0.000827624902255593,"9.09524707188879",9.10741550730511
"X9906","140","1","140",-0.00389001496814411,0.000951570042511766,"9.09524707188879",9.09135705692065
"X9981","141","1","141",0.00051582985813216,0.000880679973196467,"9.09524707188879",9.09576290174692
"X10020","142","1","142",0.0112310421784042,0.000826825501881673,"9.09524707188879",9.10647811406719
"X2202","143","1","143",-0.0079773161456758,0.000854042257061268,"9.09524707188879",9.08726975574312
"X9979","144","1","144",-0.000331965052888545,0.000855438139581708,"9.09524707188879",9.0949151068359
"X5577","145","1","145",0.00587105574065856,0.000833321986899083,"9.09524707188879",9.10111812762945
"X9736","146","1","146",-0.000983277132240946,0.00082663611679803,"9.09524707188879",9.09426379475655
"X9779","147","1","147",-0.00296780346723529,0.000855561451365728,"9.09524707188879",9.09227926842155
"X630","148","1","148",0.00518321724731788,0.000828201598727661,"9.09524707188879",9.10043028913611
"X7373","149","1","149",-0.00805730449251533,0.000859355453974045,"9.09524707188879",9.08718976739627
"X9874","150","1","150",-0.0101604067879425,0.000858617089188928,"9.09524707188879",9.08508666510085
"X932","151","1","151",0.00154303143996355,0.000875369112582441,"9.09524707188879",9.09679010332875
"X9862","152","1","152",-0.00202594753973204,0.000863177244168784,"9.09524707188879",9.09322112434906
"X6974","153","1","153",-0.000120790255231411,0.000834722797626714,"9.09524707188879",9.09512628163356
"X4939","154","1","154",0.00571457877758936,0.000827648577703014,"9.09524707188879",9.10096165066638
"X6944","155","1","155",0.00564052940249266,0.000856889071330869,"9.09524707188879",9.10088760129128
"X9584","156","1","156",0.00239849124163344,0.000841760582895883,"9.09524707188879",9.09764556313042
"X9579","157","1","157",-0.00657985591696076,0.000865074590214807,"9.09524707188879",9.08866721597183
"X9771","158","1","158",-0.00290839190587258,0.000855417596064012,"9.09524707188879",9.09233867998292
"X2212","159","1","159",0.00787980712528825,0.000703261644948746,"9.09524707188879",9.10312687901408
"X9830","160","1","160",-0.00127974573442125,0.000894255158552289,"9.09524707188879",9.09396732615437
"X9530","161","1","161",-0.00233096146806173,0.000831927567113598,"9.09524707188879",9.09291611042073
"X9720","162","1","162",-0.00363209868827889,0.000842272970261144,"9.09524707188879",9.09161497320051
"X9772","163","1","163",0.00492209925844915,0.000862266678747163,"9.09524707188879",9.10016917114724
"X7161","164","1","164",-0.00137107469273554,0.000815760738043853,"9.09524707188879",9.09387599719605
"X9532","165","1","165",-0.0178464456020995,0.000824296560172953,"9.09524707188879",9.07740062628669
"X9871","166","1","166",0.00986721487765501,0.000810774661073709,"9.09524707188879",9.10511428676645
"X6064","167","1","167",-0.001011661258669,0.000881326367140253,"9.09524707188879",9.09423541063012
"X9503","168","1","168",0.00463637603834076,0.000846406796516168,"9.09524707188879",9.09988344792713
"X9681","169","1","169",0.00515026033365269,0.000824821920244274,"9.09524707188879",9.10039733222244
"X5717","170","1","170",-0.00165548697385289,0.000873278013306004,"9.09524707188879",9.09359158491494
"X9659","171","1","171",-0.00477708525446629,0.00087758123384751,"9.09524707188879",9.09046998663433
"X6992","172","1","172",0.00349605106720625,0.000863722028255852,"9.09524707188879",9.098743122956
"X9838","173","1","173",-0.00230934673671329,0.000848508103646509,"9.09524707188879",9.09293772515208
"X10011","174","1","174",0.00314935113003761,0.000853912681573072,"9.09524707188879",9.09839642301883
"X9732","175","1","175",-0.00379515564769989,0.000857238592503357,"9.09524707188879",9.09145191624109
"X9768","176","1","176",-0.00537774773625627,0.00086020364079922,"9.09524707188879",9.08986932415253
"X9824","177","1","177",-0.00369642450904059,0.000877203235525403,"9.09524707188879",9.09155064737975
"X9804","178","1","178",0.0078436096653797,0.000695725115229566,"9.09524707188879",9.10309068155417
"X9833","179","1","179",-0.00227517620338712,0.000847626586003599,"9.09524707188879",9.0929718956854
"X6240","180","1","180",-6.75277512016403e-05,0.000857765735690515,"9.09524707188879",9.09517954413759
"X9991","181","1","181",-0.000127270144594791,0.000848747301805953,"9.09524707188879",9.09511980174419
"X7165","182","1","182",0.000597392325899615,0.000839785134396421,"9.09524707188879",9.09584446421469
"X6971","183","1","183",-0.00275777151043688,0.000872807174504038,"9.09524707188879",9.09248930037835
"X9719","184","1","184",0.000591788122107248,0.000830701654578629,"9.09524707188879",9.0958388600109
"X9594","185","1","185",-0.00490408141744532,0.000834330074029571,"9.09524707188879",9.09034299047135
"X9730","186","1","186",-0.00525355166369134,0.000865448674282679,"9.09524707188879",9.0899935202251
"X424","187","1","187",-0.00729730150307691,0.0008736654589375,"9.09524707188879",9.08794977038571
"X10008","188","1","188",-0.00365984660724708,0.000850425011945276,"9.09524707188879",9.09158722528154
"X9590","189","1","189",-0.00568473960912092,0.000820153924798432,"9.09524707188879",9.08956233227967
"X9924","190","1","190",-0.00688281182933257,0.000881762298609417,"9.09524707188879",9.08836426005946
"X9939","191","1","191",0.0015984473098294,0.000850233397022712,"9.09524707188879",9.09684551919862
"X9920","192","1","192",0.0059855774833364,0.000834836638713014,"9.09524707188879",9.10123264937213
"X8264","193","1","193",-0.000533843010970919,0.000848867518087458,"9.09524707188879",9.09471322887782
"X8365","194","1","194",0.00769418988688532,0.000696491155769166,"9.09524707188879",9.10294126177568
"X9754","195","1","195",0.00111001308527972,0.000882134117266112,"9.09524707188879",9.09635708497407
"X7330","196","1","196",0.0009955549929497,0.000852144994425621,"9.09524707188879",9.09624262688174
"X9298","197","1","197",-0.00717301951474105,0.000862864058483266,"9.09524707188879",9.08807405237405
"X9534","198","1","198",-0.00225742480772995,0.00086813617775369,"9.09524707188879",9.09298964708106
"X9849","199","1","199",0.00101082069763866,0.000827653662107758,"9.09524707188879",9.09625789258643
"X4807","200","1","200",-0.00140265688493156,0.000842646613666634,"9.09524707188879",9.09384441500386
"X6909","201","1","201",-0.0129719326609261,0.000830757415693154,"9.09524707188879",9.08227513922786
"X7917","202","1","202",0.0115306550286763,0.000868088599322522,"9.09524707188879",9.10677772691747
"X6255","203","1","203",-0.00165854866582863,0.00083257076561103,"9.09524707188879",9.09358852322296
"X9314","204","1","204",0.00785762286644145,0.000702543850878435,"9.09524707188879",9.10310469475523
"X9629","205","1","205",-0.000707328130780288,0.0008746678470386,"9.09524707188879",9.09453974375801
"X9673","206","1","206",-0.00465412207581097,0.000834296515872677,"9.09524707188879",9.09059294981298
"X8238","207","1","207",0.00482298012546613,0.00084251178434939,"9.09524707188879",9.10007005201426
"X9710","208","1","208",0.008869783031544,0.000848420069081237,"9.09524707188879",9.10411685492033
"X6906","209","1","209",0.00115818631111673,0.000827568684569978,"9.09524707188879",9.09640525819991
"X9513","210","1","210",0.00609338276059164,0.000814557443945191,"9.09524707188879",9.10134045464938
"X9963","211","1","211",0.000110749903490536,0.000881530433865759,"9.09524707188879",9.09535782179228
"X6086","212","1","212",0.00761719480436957,0.000704330733180849,"9.09524707188879",9.10286426669316
"X7169","213","1","213",0.00563177294128406,0.0008559812026507,"9.09524707188879",9.10087884483007
"X9607","214","1","214",3.59952487638364e-06,0.000834208475729732,"9.09524707188879",9.09525067141367
"X9733","215","1","215",-0.00846436097648896,0.000834001071755814,"9.09524707188879",9.0867827109123
"X6020","216","1","216",-0.00565468260719936,0.000835860851697078,"9.09524707188879",9.08959238928159
"X7103","217","1","217",-0.0045553418633261,0.00086024196171296,"9.09524707188879",9.09069173002546
"X9637","218","1","218",-0.00166047785757335,0.000849117052428328,"9.09524707188879",9.09358659403122
"X9749","219","1","219",0.00701673688335265,0.000823149951488296,"9.09524707188879",9.10226380877214
"X9560","220","1","220",-0.000902678525405296,0.000861498923348664,"9.09524707188879",9.09434439336339
"X9964","221","1","221",-0.00430352257004014,0.000891550550796565,"9.09524707188879",9.09094354931875
"X9845","222","1","222",-0.00686900397324726,0.00086921915780293,"9.09524707188879",9.08837806791554
"X7250","223","1","223",-0.00145080609060856,0.000797539017213045,"9.09524707188879",9.09379626579818
"X7377","224","1","224",-0.00271437056968105,0.000833014884524464,"9.09524707188879",9.09253270131911
"X9843","225","1","225",-0.000799078519580188,0.000842630715280108,"9.09524707188879",9.09444799336921
"X1684","226","1","226",-0.0016939433402806,0.000867963569044318,"9.09524707188879",9.09355312854851
"X9690","227","1","227",-0.00184133663109357,0.000816393700860482,"9.09524707188879",9.0934057352577
"X9735","228","1","228",0.00291541569534294,0.000847471268286729,"9.09524707188879",9.09816248758413
"X9705","229","1","229",0.000787122810719775,0.000898395676412444,"9.09524707188879",9.09603419469951
"X6024","230","1","230",-0.010421367207293,0.00086722559614485,"9.09524707188879",9.0848257046815
"X9855","231","1","231",-0.0108384790895902,0.000834114211976949,"9.09524707188879",9.0844085927992
"X9867","232","1","232",0.000492741983022666,0.000856648840310089,"9.09524707188879",9.09573981387181
"X9946","233","1","233",-0.00499162815615554,0.000823400657913681,"9.09524707188879",9.09025544373264
"X9553","234","1","234",-0.00310669957074276,0.00085087064190307,"9.09524707188879",9.09214037231805
"X7477","235","1","235",0.00654813328936346,0.000839237655124226,"9.09524707188879",9.10179520517815
"X9995","236","1","236",0.00866902584309563,0.000807844562956722,"9.09524707188879",9.10391609773189
"X9795","237","1","237",0.00722086316592189,0.000816005472249352,"9.09524707188879",9.10246793505471
"X10002","238","1","238",0.00641301678229258,0.000825852254175258,"9.09524707188879",9.10166008867108
"X5907","239","1","239",0.00680626437908642,0.000813037331638699,"9.09524707188879",9.10205333626788
"X1002","240","1","240",0.0107385384547665,0.000809864787698323,"9.09524707188879",9.10598561034356
"X6943","241","1","241",0.00779720567145998,0.000810595744436629,"9.09524707188879",9.10304427756025
"X9784","242","1","242",0.00751654068262161,0.000808799627411991,"9.09524707188879",9.10276361257141
"X9759","243","1","243",0.00689229243991138,0.000807267108383983,"9.09524707188879",9.1021393643287
"X9578","244","1","244",0.00888087398529274,0.000821668917149953,"9.09524707188879",9.10412794587408
"X9078","245","1","245",0.00814207818662386,0.000828475329601854,"9.09524707188879",9.10338915007542
"X8428","246","1","246",0.00999502123855436,0.000813498096418332,"9.09524707188879",9.10524209312734
"X9888","247","1","247",0.0209801756762225,0.000797967805182468,"9.09524707188879",9.11622724756501
"X6445","248","1","248",0.0129430369815571,0.000814475790154826,"9.09524707188879",9.10819010887035
"X9608","249","1","249",0.0133592977335392,0.000824573546039458,"9.09524707188879",9.10860636962233
"X9870","250","1","250",0.0182779104338734,0.00081382610808745,"9.09524707188879",9.11352498232266
"X9909","251","1","251",0.0207907727848466,0.000794197854801872,"9.09524707188879",9.11603784467364
"X7244","252","1","252",0.0132065404748067,0.000814444547679572,"9.09524707188879",9.1084536123636
"X9827","253","1","253",0.0103985799131706,0.000817189191049856,"9.09524707188879",9.10564565180196
"X8235","254","1","254",0.0106802327548781,0.00079746620294638,"9.09524707188879",9.10592730464367
"X9095","255","1","255",0.013379283581729,0.000799422516237406,"9.09524707188879",9.10862635547052
"X9105","256","1","256",0.0135709802864837,0.000797636191856515,"9.09524707188879",9.10881805217528
"X9786","257","1","257",0.00465961255158901,0.000862051392749452,"9.09524707188879",9.09990668444038
"X9737","258","1","258",0.0056710167972698,0.000824364987038335,"9.09524707188879",9.10091808868606
"X5644","259","1","259",0.00803051151114046,0.000791153344548534,"9.09524707188879",9.10327758339993
"X7218","260","1","260",0.00809788787105041,0.000789307127037018,"9.09524707188879",9.10334495975984
"X5395","261","1","261",0.00975773688725442,0.000790518069009871,"9.09524707188879",9.10500480877604
"X9698","262","1","262",0.00616421040440232,0.000793105504178849,"9.09524707188879",9.10141128229319
"X8353","263","1","263",0.00615421911924765,0.000794161693372344,"9.09524707188879",9.10140129100804
"X6744","264","1","264",0.0106136057000747,0.000803216811109051,"9.09524707188879",9.10586067758886
"X8247","265","1","265",-0.00252878103694316,0.000840757289038348,"9.09524707188879",9.09271829085185
"X9666","266","1","266",0.00310247620000695,0.000826657020966128,"9.09524707188879",9.0983495480888
"X6830","267","1","267",-0.00210148763327349,0.000878281885460345,"9.09524707188879",9.09314558425552
"X6284","268","1","268",0.00333807495247618,0.000883296453300227,"9.09524707188879",9.09858514684127
"X9985","269","1","269",0.000353418601210293,0.000886493385795369,"9.09524707188879",9.09560049049
"X6171","270","1","270",-0.00435878439274813,0.000873407470649295,"9.09524707188879",9.09088828749604
"X9957","271","1","271",-0.00262580783916672,0.000864877817840053,"9.09524707188879",9.09262126404962
"X265","272","1","272",0.00098945902538197,0.000863668037209854,"9.09524707188879",9.09623653091417
"X1158","273","1","273",0.00461857709107768,0.000862310819440542,"9.09524707188879",9.09986564897987
"X7111","274","1","274",0.0012119517156074,0.000860593414752861,"9.09524707188879",9.0964590236044
"X7355","275","1","275",0.0055699519708278,0.000879212112415867,"9.09524707188879",9.10081702385962
"X9111","276","1","276",-0.0050545804904724,0.00086614503405089,"9.09524707188879",9.09019249139832
"X4884","277","1","277",-0.000997706089558941,0.000852269057696719,"9.09524707188879",9.09424936579923
"X9549","278","1","278",-0.0074480073272069,0.000868598309000534,"9.09524707188879",9.08779906456158
"X6169","279","1","279",0.00581972813526847,0.000794745604957387,"9.09524707188879",9.10106680002406
"X9682","280","1","280",-0.010822016918612,0.000888626023601925,"9.09524707188879",9.08442505497018
"X7288","281","1","281",-0.00166820095341597,0.000875618698430188,"9.09524707188879",9.09357887093537
"X2370","282","1","282",0.0031143971194638,0.00085112625992934,"9.09524707188879",9.09836146900826
"X8275","283","1","283",-0.00175405247297814,0.000848506571307348,"9.09524707188879",9.09349301941581
"X9882","284","1","284",-0.00109085548384611,0.000852773252920379,"9.09524707188879",9.09415621640494
"X9831","285","1","285",-0.0086387651197861,0.000886042161409953,"9.09524707188879",9.086608306769
"X6900","286","1","286",0.00624779475967219,0.000839097268515924,"9.09524707188879",9.10149486664846
"X7202","287","1","287",0.0025713735568392,0.000837626171389493,"9.09524707188879",9.09781844544563
"X6390","288","1","288",-0.00896148380498831,0.000845130868575659,"9.09524707188879",9.0862855880838
"X6107","289","1","289",-0.00945389416980335,0.000944389244012082,"9.09524707188879",9.08579317771899
"X9514","290","1","290",-0.00953165956950883,0.000853575764416756,"9.09524707188879",9.08571541231928
"X9826","291","1","291",-0.00435581915978114,0.000858262144277711,"9.09524707188879",9.09089125272901
"X7282","292","1","292",-0.0133742540416446,0.000871806759598282,"9.09524707188879",9.08187281784715
"X6198","293","1","293",0.00453400246982745,0.000814870652054616,"9.09524707188879",9.09978107435862
"X9533","294","1","294",-0.00347607261952926,0.000849983322349275,"9.09524707188879",9.09177099926926
"X9881","295","1","295",-0.00444570811415495,0.000903002134275872,"9.09524707188879",9.09080136377464
"X6923","296","1","296",-0.00110615313347369,0.00089186831461404,"9.09524707188879",9.09414091875532
"X6106","297","1","297",-0.0113052613793902,0.00087174289051681,"9.09524707188879",9.0839418105094
"X9803","298","1","298",-0.00576043124244066,0.000871233619733568,"9.09524707188879",9.08948664064635
"X9517","299","1","299",-0.00954943065478914,0.000884015228986705,"9.09524707188879",9.085697641234
"X9114","300","1","300",-0.00768182155503347,0.000886487281251788,"9.09524707188879",9.08756525033376
"X997","301","1","301",-0.00810631471466164,0.000889314575855829,"9.09524707188879",9.08714075717413
"X2317","302","1","302",-0.00263347738007099,0.000854099164891681,"9.09524707188879",9.09261359450872
"X9748","303","1","303",-0.0209805614837778,0.000944573443683319,"9.09524707188879",9.07426651040501
"X9894","304","1","304",-0.00416986329242631,0.000871436825402491,"9.09524707188879",9.09107720859636
"X9983","305","1","305",-0.00868680904239613,0.000925398251342289,"9.09524707188879",9.08656026284639
"X9706","306","1","306",0.011315490973022,0.000838694836311265,"9.09524707188879",9.10656256286181
"X9885","307","1","307",-0.0118917529194814,0.00086051517090834,"9.09524707188879",9.08335531896931
"X7384","308","1","308",-0.0031835571478802,0.000837876214630362,"9.09524707188879",9.09206351474091
"X5800","309","1","309",-0.0150578016983619,0.000956602735939581,"9.09524707188879",9.08018927019043
"X9806","310","1","310",-0.0132011479381737,0.000934945043329859,"9.09524707188879",9.08204592395062
"X9966","311","1","311",0.0081133391511935,0.000836554679157019,"9.09524707188879",9.10336041103998
"X9433","312","1","312",-0.0182650931199939,0.000929169783398165,"9.09524707188879",9.0769819787688
"X5798","313","1","313",-0.00305909998270582,0.00090124956765438,"9.09524707188879",9.09218797190609
"X8334","314","1","314",-0.00834983598619354,0.000868143025463012,"9.09524707188879",9.0868972359026
"X9976","315","1","315",-0.00246663929738052,0.000885156793312711,"9.09524707188879",9.09278043259141
"X9892","316","1","316",-0.0220350597788789,0.000951561331538647,"9.09524707188879",9.07321201210991
"X9640","317","1","317",-0.00683102869506726,0.00092000706113402,"9.09524707188879",9.08841604319372
"X9121","318","1","318",-0.00536536054897577,0.000854027729401945,"9.09524707188879",9.08988171133982
"X9947","319","1","319",-0.00123615853305411,0.000884389975639349,"9.09524707188879",9.09401091335574
"X7186","320","1","320",-0.00586604837224203,0.000880622464252983,"9.09524707188879",9.08938102351655
"X9728","321","1","321",-0.0163495476369321,0.000935227960713642,"9.09524707188879",9.07889752425186
"X9823","322","1","322",-0.0184117744830937,0.000882950080539974,"9.09524707188879",9.0768352974057
"X8325","323","1","323",0.000636940542148504,0.000906031857975404,"9.09524707188879",9.09588401243094
"X1435","324","1","324",-0.00829466992290376,0.000855767783191266,"9.09524707188879",9.08695240196589
"X2278","325","1","325",-0.00287463398509692,0.00087395748608603,"9.09524707188879",9.09237243790369
"X9624","326","1","326",0.00124672386458348,0.000827933578942409,"9.09524707188879",9.09649379575337
"X6908","327","1","327",-0.0048674512677651,0.000851487714211064,"9.09524707188879",9.09037962062103
"X9875","328","1","328",-0.0122789637708007,0.000895755865884313,"9.09524707188879",9.08296810811799
"X9814","329","1","329",-0.0162334968746539,0.000913848279965863,"9.09524707188879",9.07901357501414
"X5831","330","1","330",-0.00408014232273317,0.000870532167106729,"9.09524707188879",9.09116692956606
"X9519","331","1","331",-0.00920565566216634,0.00090177560619984,"9.09524707188879",9.08604141622662
"X9683","332","1","332",-0.00879374693848183,0.000907696398216426,"9.09524707188879",9.08645332495031
"X7164","333","1","333",-0.00650743557981329,0.000829662450106515,"9.09524707188879",9.08873963630898
"X9800","334","1","334",-0.00236961286302516,0.000871554622323678,"9.09524707188879",9.09287745902576
"X9619","335","1","335",-0.0120514457599978,0.000890488896618014,"9.09524707188879",9.08319562612879
"X9525","336","1","336",-0.0119672224028124,0.000863068600645423,"9.09524707188879",9.08327984948598
"X8357","337","1","337",-0.00663847126281959,0.000913456742162392,"9.09524707188879",9.08860860062597
"X9102","338","1","338",-0.00668697452740217,0.000848722532153365,"9.09524707188879",9.08856009736139
"X9805","339","1","339",-0.00822471283954273,0.000875838983008701,"9.09524707188879",9.08702235904925
"X7327","340","1","340",-0.004222788894467,0.000849853798111096,"9.09524707188879",9.09102428299432
"X7353","341","1","341",-0.0123580196148915,0.000921252882887341,"9.09524707188879",9.0828890522739
"X5741","342","1","342",-0.0136081616635822,0.000937948673687154,"9.09524707188879",9.08163891022521
"X9970","343","1","343",-0.00269758076786031,0.000839159707715446,"9.09524707188879",9.09254949112093
"X10012","344","1","344",-0.00231288527952851,0.000860835552673665,"9.09524707188879",9.09293418660926
"X7328","345","1","345",-0.00484427556174071,0.000881096940699303,"9.09524707188879",9.09040279632705
"X9103","346","1","346",-0.0032779121357194,0.000861805395593248,"9.09524707188879",9.09196915975307
"X9653","347","1","347",-0.00709608570710788,0.000921514223058469,"9.09524707188879",9.08815098618168
"X9511","348","1","348",-0.0102849607695142,0.000850978073190056,"9.09524707188879",9.08496211111928
"X9615","349","1","349",-0.00145107575980934,0.000869285448343718,"9.09524707188879",9.09379599612898
"X5276","350","1","350",0.000926322873507322,0.000832436642204467,"9.09524707188879",9.0961733947623
"X8244","351","1","351",-0.00366349826936716,0.000928473187647926,"9.09524707188879",9.09158357361942
"X9600","352","1","352",-0.00857839372323847,0.000916975616554261,"9.09524707188879",9.08666867816555
"X9731","353","1","353",-0.00501375318363211,0.000867409592296692,"9.09524707188879",9.09023331870516
"X6937","354","1","354",-0.00654903519926198,0.000850453814529525,"9.09524707188879",9.08869803668953
"X6203","355","1","355",0.000415128856597637,0.000868842503104535,"9.09524707188879",9.09566220074539
"X6166","356","1","356",-0.0197970459760864,0.00093694323002013,"9.09524707188879",9.0754500259127
"X9828","357","1","357",-0.0137940540765492,0.00084494755934776,"9.09524707188879",9.08145301781224
"X9780","358","1","358",-0.0177248720363641,0.000940428895413138,"9.09524707188879",9.07752219985243
"X9421","359","1","359",-0.00370139124746947,0.000862726764109973,"9.09524707188879",9.09154568064132
"X9613","360","1","360",-0.00522879474224965,0.000858866428486309,"9.09524707188879",9.09001827714654
"X9927","361","1","361",0.00116135240810137,0.000889599795737449,"9.09524707188879",9.09640842429689
"X10009","362","1","362",0.000509452355946741,0.000816589285614601,"9.09524707188879",9.09575652424474
"X9081","363","1","363",0.00539722880351461,0.000804950574702516,"9.09524707188879",9.10064430069231
"X9133","364","1","364",0.00502220001389287,0.000818000067393728,"9.09524707188879",9.10026927190268
"X6217","365","1","365",-0.00231782689665566,0.00080939397872682,"9.09524707188879",9.09292924499213
"X9648","366","1","366",-0.00305730159266925,0.000808481052875102,"9.09524707188879",9.09218977029612
"X9559","367","1","367",-0.00433101974280045,0.000817113446439457,"9.09524707188879",9.09091605214599
"X9707","368","1","368",-0.0036144224461106,0.000818580947366295,"9.09524707188879",9.09163264944268
"X9807","369","1","369",-0.00173717533944871,0.000814367072960544,"9.09524707188879",9.09350989654934
"X6220","370","1","370",0.0006830629716731,0.000813631463524407,"9.09524707188879",9.09593013486046
"X9321","371","1","371",0.0052049401058271,0.000816020956473656,"9.09524707188879",9.10045201199462
"X7013","372","1","372",0.00317164862456303,0.000778900621215364,"9.09524707188879",9.09841872051335
"X8259","373","1","373",0.00584734353348872,0.000771847297921278,"9.09524707188879",9.10109441542228
"X9948","374","1","374",0.00481635194861664,0.000773653124936879,"9.09524707188879",9.10006342383741
"X9775","375","1","375",-0.00205662742352823,0.000830350121786276,"9.09524707188879",9.09319044446526
"X5921","376","1","376",-0.000778763852656171,0.000775693601919478,"9.09524707188879",9.09446830803613
"X159","377","1","377",0.00110710889806336,0.000791772530233773,"9.09524707188879",9.09635418078685
"X6145","378","1","378",0.00470453927489844,0.000784753384985997,"9.09524707188879",9.09995161116369
"X9610","379","1","379",0.00646985515842736,0.000789819355213347,"9.09524707188879",9.10171692704722
"X9621","380","1","380",0.00310423199107256,0.000782483561412999,"9.09524707188879",9.09835130387986
"X8419","381","1","381",0.00405353406775099,0.000787055573168866,"9.09524707188879",9.09930060595654
"X9631","382","1","382",0.000299188676523905,0.000777872495056259,"9.09524707188879",9.09554626056531
"X9998","383","1","383",0.00260153215575753,0.000791781365121477,"9.09524707188879",9.09784860404455
"X763","384","1","384",0.00619216588773412,0.000782488705377913,"9.09524707188879",9.10143923777652
"X9520","385","1","385",-0.00256974614246754,0.000768228750048936,"9.09524707188879",9.09267732574632
"X9527","386","1","386",-0.000315238073689827,0.000795465546002753,"9.09524707188879",9.0949318338151
"X9876","387","1","387",0.00298211674118066,0.000775600285872781,"9.09524707188879",9.09822918862997
"X9591","388","1","388",0.00261727458732651,0.000784561571218682,"9.09524707188879",9.09786434647612
"X8351","389","1","389",-0.00229503474006843,0.000782361370199878,"9.09524707188879",9.09295203714872
"X7248","390","1","390",0.00351314666452751,0.000780862753219566,"9.09524707188879",9.09876021855332
"X6025","391","1","391",-0.000687595973057783,0.000787199814729693,"9.09524707188879",9.09455947591573
"X8231","392","1","392",0.0054026868993214,0.000813349542072736,"9.09524707188879",9.10064975878811
"X5023","393","1","393",-0.00459299130774755,0.00082298577693048,"9.09524707188879",9.09065408058104
"X9565","394","1","394",0.00424172023450097,0.00081899968209518,"9.09524707188879",9.09948879212329
"X9755","395","1","395",0.000847451644058003,0.000818995627279587,"9.09524707188879",9.09609452353285
"X9877","396","1","396",0.00494364791331791,0.0008018708091383,"9.09524707188879",9.10019071980211
"X9661","397","1","397",-0.00207981534273427,0.000805812962220347,"9.09524707188879",9.09316725654606
"X9100","398","1","398",-1.05303524589677e-05,0.0008096293451873,"9.09524707188879",9.09523654153633
"X7418","399","1","399",0.000166187459466148,0.000819310407546573,"9.09524707188879",9.09541325934826
"X9581","400","1","400",-0.00286776108769308,0.000802969342047107,"9.09524707188879",9.0923793108011
"X4826","401","1","401",0.00283609744013549,0.000804965902304573,"9.09524707188879",9.09808316932893
"X9663","402","1","402",0.000847307108869481,0.000801593844488888,"9.09524707188879",9.09609437899766
"X1317","403","1","403",0.00138456717454869,0.000821276066162522,"9.09524707188879",9.09663163906334
"X9680","404","1","404",0.00119445496736425,0.000817504035805848,"9.09524707188879",9.09644152685616
"X9727","405","1","405",3.82840639129916e-05,0.000817816707487448,"9.09524707188879",9.0952853559527
"X9990","406","1","406",0.00404060743459477,0.000809971639136676,"9.09524707188879",9.09928767932339
"X9573","407","1","407",0.00202343409742983,0.000827825681793728,"9.09524707188879",9.09727050598622
"X7320","408","1","408",0.00723476037323013,0.000819598470082778,"9.09524707188879",9.10248183226202
"X9557","409","1","409",0.00459643549748616,0.000795193744604446,"9.09524707188879",9.09984350738628
"X9617","410","1","410",0.00426213727884589,0.000832391498537336,"9.09524707188879",9.09950920916764
"X9778","411","1","411",0.00468317781029239,0.000849288277438609,"9.09524707188879",9.09993024969908
"X9790","412","1","412",0.00295555608153387,0.00083531881350045,"9.09524707188879",9.09820262797033
"X6138","413","1","413",0.0055696918117667,0.000788545653224273,"9.09524707188879",9.10081676370056
"X9404","414","1","414",0.0054526945422574,0.000788179592236236,"9.09524707188879",9.10069976643105
"X7404","415","1","415",0.00567909224725634,0.000786216696389499,"9.09524707188879",9.10092616413605
"X9846","416","1","416",0.00552211523300259,0.00078707070182908,"9.09524707188879",9.10076918712179
"X6966","417","1","417",0.00584524641857801,0.00078905172035113,"9.09524707188879",9.10109231830737
"X410","418","1","418",0.00665641073351081,0.000838916382796088,"9.09524707188879",9.1019034826223
"X9606","419","1","419",0.000678767883459172,0.000827817134162031,"9.09524707188879",9.09592583977225
"X9611","420","1","420",0.000874868757842328,0.000834139675664196,"9.09524707188879",9.09612194064663
"X9562","421","1","421",0.0012836785427417,0.000836962155274093,"9.09524707188879",9.09653075043153
"X9942","422","1","422",0.00306949940659629,0.000812866627935625,"9.09524707188879",9.09831657129539
"X5984","423","1","423",-0.00495628247917127,0.000810900224582084,"9.09524707188879",9.09029078940962
"X870","424","1","424",0.00475547100583983,0.000803807517138714,"9.09524707188879",9.10000254289463
"X9564","425","1","425",-0.000909417147764257,0.000832883934689932,"9.09524707188879",9.09433765474103
"X9597","426","1","426",-0.00688117494524794,0.000814954444421186,"9.09524707188879",9.08836589694354
"X9526","427","1","427",0.00267627890961345,0.000818933666988449,"9.09524707188879",9.0979233507984
"X7231","428","1","428",0.00373952356977955,0.000830554507169853,"9.09524707188879",9.09898659545857
"X6111","429","1","429",-0.00557205161580811,0.000818112161687067,"9.09524707188879",9.08967502027298
"X10017","430","1","430",0.00666450984391987,0.000834032695212076,"9.09524707188879",9.10191158173271
"X9644","431","1","431",0.00741921068577156,0.000854264632225859,"9.09524707188879",9.10266628257456
"X9933","432","1","432",-0.00300922563696393,0.000820297350152341,"9.09524707188879",9.09223784625183
"X8266","433","1","433",0.00223415483442793,0.000814404033494176,"9.09524707188879",9.09748122672322
"X728","434","1","434",0.00447102034098656,0.000835019885391951,"9.09524707188879",9.09971809222978
"X9099","435","1","435",0.00240994564375769,0.000806497316978136,"9.09524707188879",9.09765701753255
"X1066","436","1","436",0.00577404040670958,0.000812968405214955,"9.09524707188879",9.1010211122955
"X9844","437","1","437",0.00469377398210703,0.000822147184177281,"9.09524707188879",9.0999408458709
"X9969","438","1","438",0.00862568769325175,0.000835217553817955,"9.09524707188879",9.10387275958204
"X9960","439","1","439",0.00245982220516377,0.000801349539315093,"9.09524707188879",9.09770689409395
"X9868","440","1","440",0.00102989864283886,0.000825720903638801,"9.09524707188879",9.09627697053163
"X6241","441","1","441",-0.00370554702487254,0.000818159399252557,"9.09524707188879",9.09154152486392
"X9541","442","1","442",-0.00363970204678792,0.000850486204250561,"9.09524707188879",9.091607369842
"X9769","443","1","443",0.000731856548301063,0.000828621638461358,"9.09524707188879",9.09597892843709
"X9965","444","1","444",0.00238011646093824,0.000808247355272717,"9.09524707188879",9.09762718834973
"X9508","445","1","445",0.0030074128359948,0.000813825526876627,"9.09524707188879",9.09825448472479
"X9713","446","1","446",0.00518579014017972,0.000819935429261686,"9.09524707188879",9.10043286202897
"X9762","447","1","447",-0.00311590779567839,0.000813827600542332,"9.09524707188879",9.09213116409311
"X9945","448","1","448",0.00245648122143617,0.000828306760116969,"9.09524707188879",9.09770355311023
"X9905","449","1","449",0.00739293504652709,0.000819279755712769,"9.09524707188879",9.10264000693532
"X9802","450","1","450",0.00292772571047542,0.000835951826173948,"9.09524707188879",9.09817479759927
"X6976","451","1","451",0.000199649370313179,0.000828125313369462,"9.09524707188879",9.0954467212591
"X9089","452","1","452",-0.000450998104168938,0.000832845045255107,"9.09524707188879",9.09479607378462
"X9904","453","1","453",-0.00297003673959623,0.000822450549207965,"9.09524707188879",9.09227703514919
"X1954","454","1","454",0.00318606419032547,0.000816590924513164,"9.09524707188879",9.09843313607912
"X5811","455","1","455",0.00239754645926046,0.00078155685373089,"9.09524707188879",9.09764461834805
"X9747","456","1","456",0.00282955019572259,0.000809547220519257,"9.09524707188879",9.09807662208451
"X9930","457","1","457",0.000575745798941299,0.000816363296423702,"9.09524707188879",9.09582281768773
"X9656","458","1","458",0.00552212930701729,0.000813367648790762,"9.09524707188879",9.10076920119581
"X8233","459","1","459",0.00242252039037978,0.00082636602302735,"9.09524707188879",9.09766959227917
"X9067","460","1","460",0.00354700478758486,0.000808176455010637,"9.09524707188879",9.09879407667638
"X9972","461","1","461",0.00686225071277036,0.000796666608730949,"9.09524707188879",9.10210932260156
"X9902","462","1","462",-0.00130631410256594,0.00079718900096096,"9.09524707188879",9.09394075778622
"X9583","463","1","463",0.00643965625557621,0.000804296377840406,"9.09524707188879",9.10168672814437
"X1925","464","1","464",0.00292869894286984,0.000825509629004855,"9.09524707188879",9.09817577083166
"X8077","465","1","465",-0.00160026001301789,0.000822728905152813,"9.09524707188879",9.09364681187577
"X9789","466","1","466",0.000505559727720075,0.000830561251787189,"9.09524707188879",9.09575263161651
"X9524","467","1","467",-0.00583745284046356,0.000801222191998637,"9.09524707188879",9.08940961904833
"X6009","468","1","468",-0.00160261894524354,0.000811038788585713,"9.09524707188879",9.09364445294355
"X9852","469","1","469",0.0095758631221784,0.000808104398336254,"9.09524707188879",9.10482293501097
"X9851","470","1","470",-3.50028210945128e-05,0.000941941915117239,"9.09524707188879",9.0952120690677
"X139","471","1","471",0.00893436167361998,0.000839816875138852,"9.09524707188879",9.10418143356241
"X5353","472","1","472",-0.0067126270698449,0.000840996997850688,"9.09524707188879",9.08853444481895
"X9547","473","1","473",0.00320790779996838,0.000837324035331461,"9.09524707188879",9.09845497968876
"X5874","474","1","474",0.00536536141067277,0.000842473376892105,"9.09524707188879",9.10061243329946
"X7427","475","1","475",0.00482064288396716,0.000832190538602568,"9.09524707188879",9.10006771477276
"X9944","476","1","476",0.00737239602716309,0.000854943993086646,"9.09524707188879",9.10261946791595
"X5860","477","1","477",0.000838974141319771,0.000846059282911065,"9.09524707188879",9.09608604603011
"X7521","478","1","478",0.00978337615419664,0.000846991789755051,"9.09524707188879",9.10503044804299
"X9708","479","1","479",-0.00114403625517143,0.000824424223691505,"9.09524707188879",9.09410303563362
"X9770","480","1","480",0.0028211985220197,0.000852342184001754,"9.09524707188879",9.09806827041081
"X915","481","1","481",0.00595354684734339,0.000841749937547189,"9.09524707188879",9.10120061873613
"X9848","482","1","482",0.00464661670572003,0.00083621363021526,"9.09524707188879",9.09989368859451
"X9601","483","1","483",0.00434424957830481,0.000841381894774903,"9.09524707188879",9.09959132146709
"X7346","484","1","484",0.00843394559662755,0.000834872261836583,"9.09524707188879",9.10368101748542
"X5890","485","1","485",-0.000438344575990484,0.000899009987684851,"9.09524707188879",9.0948087273128
"X8132","486","1","486",0.00394762301238518,0.00084274589556412,"9.09524707188879",9.09919469490118
"X9408","487","1","487",0.00332015609696885,0.000834363591267967,"9.09524707188879",9.09856722798576
"X9104","488","1","488",0.00404195093532352,0.000823213607936223,"9.09524707188879",9.09928902282411
"X9510","489","1","489",0.00483330370182108,0.00084354802907945,"9.09524707188879",9.10008037559061
"X9987","490","1","490",-0.000790910089731969,0.00083826936580763,"9.09524707188879",9.09445616179906
"X9899","491","1","491",0.00284719360622163,0.000837994858450723,"9.09524707188879",9.09809426549501
"X6038","492","1","492",0.0030525843976131,0.000842306919702277,"9.09524707188879",9.0982996562864
"X9886","493","1","493",0.00690274712754374,0.000838141245050712,"9.09524707188879",9.10214981901633
"X9609","494","1","494",-0.00160180825211562,0.000829137314627085,"9.09524707188879",9.09364526363668
"X9937","495","1","495",0.0015523403635741,0.000836095973423282,"9.09524707188879",9.09679941225236
"X9743","496","1","496",0.00257729085731631,0.000833027402850523,"9.09524707188879",9.09782436274611
"X9506","497","1","497",-0.00261315857065209,0.000830301489794459,"9.09524707188879",9.09263391331814
"X9551","498","1","498",0.00218642152311814,0.000839194617180031,"9.09524707188879",9.09743349341191
"X6140","499","1","499",0.00583545461260423,0.000830713284687981,"9.09524707188879",9.1010825265014
"X8284","500","1","500",-0.00200295764850585,0.000831109709720557,"9.09524707188879",9.09324411424029
"X9588","501","1","501",0.00376738860654552,0.00085040965874358,"9.09524707188879",9.09901446049534
"X9856","502","1","502",0.00838647164238317,0.000837186206533137,"9.09524707188879",9.10363354353117
"X9593","503","1","503",0.00559279510974491,0.000832412431168454,"9.09524707188879",9.10083986699854
"X9712","504","1","504",0.00471396204729419,0.000854933519921416,"9.09524707188879",9.09996103393608
"X7413","505","1","505",0.00094968344336624,0.000831905416385814,"9.09524707188879",9.09619675533216
"X9791","506","1","506",0.000784022551601335,0.000840585828301988,"9.09524707188879",9.09603109444039
"X6917","507","1","507",0.00315725115203213,0.000839611812449827,"9.09524707188879",9.09840432304082
"X9797","508","1","508",-0.000847246575115672,0.0008475736150123,"9.09524707188879",9.09439982531367
"X9866","509","1","509",0.00348001546244786,0.000835447967252242,"9.09524707188879",9.09872708735124
"X9696","510","1","510",-0.00629279943396625,0.000839140770464031,"9.09524707188879",9.08895427245482
"X5784","511","1","511",0.0042449516283552,0.000836145167366832,"9.09524707188879",9.09949202351715
"X9704","512","1","512",0.0036539922418369,0.000843380709938363,"9.09524707188879",9.09890106413063
"X9592","513","1","513",-0.00242192926112717,0.000829853659798988,"9.09524707188879",9.09282514262766
"X9646","514","1","514",0.00353264824933459,0.000820792860669049,"9.09524707188879",9.09877972013813
"X6017","515","1","515",0.005599988872283,0.000843897592879315,"9.09524707188879",9.10084706076107
"X8337","516","1","516",0.00806959957070204,0.000824615733200195,"9.09524707188879",9.10331667145949
"X9626","517","1","517",-0.00266328480514213,0.000870406258251332,"9.09524707188879",9.09258378708365
"X9091","518","1","518",-0.00104930035797984,0.000854747407156957,"9.09524707188879",9.09419777153081
"X5837","519","1","519",-0.00670225664656404,0.00086738107928751,"9.09524707188879",9.08854481524223
"X9386","520","1","520",-0.0105968511513421,0.000842766297243909,"9.09524707188879",9.08465022073745
"X9799","521","1","521",-0.00410744920212021,0.000878244360220131,"9.09524707188879",9.09113962268667
"X9962","522","1","522",-0.00874004868942628,0.000868774481203676,"9.09524707188879",9.08650702319936
"X9079","523","1","523",-0.0067602237118487,0.000836016279039136,"9.09524707188879",9.08848684817694
"X9587","524","1","524",0.000118858183758217,0.000840589374208973,"9.09524707188879",9.09536593007255
"X9602","525","1","525",-0.0145586637352118,0.000842639668073949,"9.09524707188879",9.08068840815358
"X9949","526","1","526",-0.00255164120135052,0.000893925129736369,"9.09524707188879",9.09269543068744
"X6434","527","1","527",-0.00941302552070112,0.000859091913202739,"9.09524707188879",9.08583404636809
"X8430","528","1","528",-0.0157885682075443,0.000931381130620044,"9.09524707188879",9.07945850368125
"X9794","529","1","529",-0.00479740785583372,0.000861590571964651,"9.09524707188879",9.09044966403296
"X9798","530","1","530",0.000784678079517867,0.000865215967791469,"9.09524707188879",9.09603174996831
"X9993","531","1","531",-0.00463083122138925,0.000843270109471087,"9.09524707188879",9.0906162406674
"X6041","532","1","532",-0.00915395092966493,0.000846526317497195,"9.09524707188879",9.08609312095913
"X403","533","1","533",-0.00173577072097792,0.000872407202753207,"9.09524707188879",9.09351130116781
"X9586","534","1","534",-0.0125552321367949,0.000910096291517604,"9.09524707188879",9.082691839752
"X9950","535","1","535",-0.00627705285487286,0.000857631031081881,"9.09524707188879",9.08897001903392
"X9864","536","1","536",-0.0062667822557988,0.000860047632879703,"9.09524707188879",9.08898028963299
"X9561","537","1","537",-0.0141370989833927,0.00090398630019738,"9.09524707188879",9.0811099729054
"X7316","538","1","538",-0.00411437606048653,0.00086774154776465,"9.09524707188879",9.0911326958283
"X9999","539","1","539",0.00244363180053057,0.000850713962285724,"9.09524707188879",9.09769070368932
"X9834","540","1","540",-0.0187704204761093,0.000871194429360507,"9.09524707188879",9.07647665141268
"X9853","541","1","541",-0.00872054409034187,0.000862168118447299,"9.09524707188879",9.08652652779845
"X9535","542","1","542",-0.0100613664806468,0.000904452610462914,"9.09524707188879",9.08518570540814
"X9725","543","1","543",-0.00262573210534367,0.00085906896622045,"9.09524707188879",9.09262133978345
"X687","544","1","544",-0.00182559444366591,0.000863696227915168,"9.09524707188879",9.09342147744512
"X7396","545","1","545",-0.00607569015868035,0.000845395055551539,"9.09524707188879",9.08917138173011
"X9595","546","1","546",-0.0116572389537216,0.000854608680292773,"9.09524707188879",9.08358983293507
"X9598","547","1","547",-0.00560326832851085,0.000872331887261801,"9.09524707188879",9.08964380356028
"X9997","548","1","548",-0.00964791951146592,0.000872705526835773,"9.09524707188879",9.08559915237733
"X9782","549","1","549",-0.00670193231140527,0.000887599908407386,"9.09524707188879",9.08854513957739
"X9717","550","1","550",-0.00441207924458733,0.00085617055233134,"9.09524707188879",9.0908349926442
"X9808","551","1","551",-0.00341959786405994,0.000850811175190775,"9.09524707188879",9.09182747402473
"X9568","552","1","552",-0.00942283278871179,0.000872865683311997,"9.09524707188879",9.08582423910008
"X7067","553","1","553",-0.00217934937842484,0.000860610900424483,"9.09524707188879",9.09306772251037
"X9774","554","1","554",-0.00736624593473784,0.000853214471579887,"9.09524707188879",9.08788082595405
"X9921","555","1","555",-0.00997557050262625,0.000888386848693542,"9.09524707188879",9.08527150138617
"X9711","556","1","556",-0.00599856085431512,0.000865525707180104,"9.09524707188879",9.08924851103447
"X8239","557","1","557",-0.00617079260168894,0.000874349296296952,"9.09524707188879",9.0890762792871
"X9634","558","1","558",-0.00624210782111294,0.000900978899220675,"9.09524707188879",9.08900496406768
"X9859","559","1","559",-0.0255512540629333,0.000935185972398776,"9.09524707188879",9.06969581782586
"X9908","560","1","560",0.00553078977572105,0.000848506550069978,"9.09524707188879",9.10077786166451
"X9660","561","1","561",0.00170851739208725,0.000856556562187154,"9.09524707188879",9.09695558928088
"X9968","562","1","562",-0.00797039161111274,0.000859950383382912,"9.09524707188879",9.08727668027768
"X9576","563","1","563",-0.0168644941645209,0.000901248975770551,"9.09524707188879",9.07838257772427
"X9953","564","1","564",-0.00488124770454359,0.000838162683046966,"9.09524707188879",9.09036582418425
"X9529","565","1","565",-0.00612415454323589,0.000894371138766455,"9.09524707188879",9.08912291734555
"X9546","566","1","566",-0.0152359302921483,0.000945185458046929,"9.09524707188879",9.08001114159664
"X5151","567","1","567",-0.0039948984617566,0.000897096363878334,"9.09524707188879",9.09125217342703
"X6424","568","1","568",-0.0141951941522475,0.000870250514831858,"9.09524707188879",9.08105187773654
"X7106","569","1","569",-0.00686034130232234,0.000881417942570825,"9.09524707188879",9.08838673058647
"X9507","570","1","570",-0.00790506726076074,0.000854228864424834,"9.09524707188879",9.08734200462803
"X9134","571","1","571",0.00218037884932777,0.000875318575551731,"9.09524707188879",9.09742745073812
"X9781","572","1","572",-0.00655099280966862,0.000903428806321812,"9.09524707188879",9.08869607907912
"X9952","573","1","573",-0.00673094978331388,0.000873091233664822,"9.09524707188879",9.08851612210548
"X9996","574","1","574",-0.000926096119278211,0.00086266827980509,"9.09524707188879",9.09432097576951
"X9821","575","1","575",-0.00953430324568668,0.000860377384002236,"9.09524707188879",9.0857127686431
"X9130","576","1","576",-0.00351802513164718,0.000845544717122183,"9.09524707188879",9.09172904675714
"X9928","577","1","577",0.00445673920617361,0.000884811082333949,"9.09524707188879",9.09970381109496
"X9915","578","1","578",-0.0105344115747527,0.000858948388786359,"9.09524707188879",9.08471266031404
"X9873","579","1","579",-0.0112643381812216,0.000873082058674806,"9.09524707188879",9.08398273370757
"X351","580","1","580",-0.0024024173795113,0.000869915483046748,"9.09524707188879",9.09284465450928
"X9405","581","1","581",-0.00270168775712913,0.000891100843460291,"9.09524707188879",9.09254538413166
"X7350","582","1","582",0.00333630677518405,0.000827728417348277,"9.09524707188879",9.09858337866397
"X9632","583","1","583",0.000659569085181074,0.000864989203957837,"9.09524707188879",9.09590664097397
"X9929","584","1","584",-0.00415059943987401,0.000867850343110979,"9.09524707188879",9.09109647244892
"X7033","585","1","585",0.00214031962733964,0.000850727204098048,"9.09524707188879",9.09738739151613
"X7119","586","1","586",-0.00867623517281565,0.000872575675817037,"9.09524707188879",9.08657083671597
"X9835","587","1","587",-0.0144552964944388,0.000950874402396252,"9.09524707188879",9.08079177539435
"X9943","588","1","588",0.000367604916967152,0.000865935715709622,"9.09524707188879",9.09561467680576
"X6973","589","1","589",0.00208036222097907,0.000809901609241187,"9.09524707188879",9.09732743410977
"X9911","590","1","590",0.00391356031395574,0.000813498509673738,"9.09524707188879",9.09916063220275
"X6201","591","1","591",0.00226770777877492,0.000814473071573782,"9.09524707188879",9.09751477966756
"X9620","592","1","592",-0.00545588779227379,0.00082280098774766,"9.09524707188879",9.08979118409652
"X8378","593","1","593",0.00488873778729528,0.000832642597432222,"9.09524707188879",9.10013580967609
"X5236","594","1","594",0.00432133495038489,0.000818692401938536,"9.09524707188879",9.09956840683918
"X9125","595","1","595",0.00574452050473578,0.00081865844269761,"9.09524707188879",9.10099159239353
"X9938","596","1","596",-0.00737408555149152,0.000868852087458492,"9.09524707188879",9.0878729863373
"X9128","597","1","597",0.00381644911583828,0.000843486145856489,"9.09524707188879",9.09906352100463
"X10022","598","1","598",0.000160161381989998,0.000840723946923431,"9.09524707188879",9.09540723327078
"X9523","599","1","599",-0.000613433191065868,0.000835538272020463,"9.09524707188879",9.09463363869772
"X9515","600","1","600",-0.00126155694028752,0.000796661083541548,"9.09524707188879",9.0939855149485
"X9545","601","1","601",-0.0064822816056579,0.000864996376268914,"9.09524707188879",9.08876479028313
"X9599","602","1","602",0.00686878956051844,0.000808813047229938,"9.09524707188879",9.10211586144931
"X9540","603","1","603",-0.00469999268426062,0.00084856141887177,"9.09524707188879",9.09054707920453
"X9703","604","1","604",-0.00120141555231709,0.000897187955439098,"9.09524707188879",9.09404565633647
"X9811","605","1","605",-0.00127247890100201,0.000839365378866298,"9.09524707188879",9.09397459298779
"X9679","606","1","606",-0.00689441897408388,0.000919874224007541,"9.09524707188879",9.08835265291471
"X6970","607","1","607",0.00176873395520637,0.000835128275996474,"9.09524707188879",9.097015805844
"X9982","608","1","608",-0.0149957634561371,0.000936274637650811,"9.09524707188879",9.08025130843265
"X9745","609","1","609",0.00166495653079705,0.000832940487779079,"9.09524707188879",9.09691202841959
"X1741","610","1","610",0.00234773591759234,0.000841748499639525,"9.09524707188879",9.09759480780638
"X5279","611","1","611",-0.018542704305464,0.000942467891534214,"9.09524707188879",9.07670436758333
"X6907","612","1","612",-0.00722563287106368,0.000896241348608114,"9.09524707188879",9.08802143901773
"X9537","613","1","613",-0.00499635772357816,0.000827168823454808,"9.09524707188879",9.09025071416521
"X9131","614","1","614",-0.00555982302104897,0.000901607765717331,"9.09524707188879",9.08968724886774
"X9113","615","1","615",0.00347855152074135,0.000784054175942559,"9.09524707188879",9.09872562340953
"X9890","616","1","616",0.000594612239285157,0.00079173006350002,"9.09524707188879",9.09584168412808
"X9577","617","1","617",0.002616212888773,0.000798764102043237,"9.09524707188879",9.09786328477756
"X1829","618","1","618",0.00067712689429506,0.000802654140766998,"9.09524707188879",9.09592419878309
"X9582","619","1","619",0.00151924061329776,0.000811934465110372,"9.09524707188879",9.09676631250209
"X9699","620","1","620",0.00373817858682811,0.000811072714643099,"9.09524707188879",9.09898525047562
"X9777","621","1","621",0.00670293763237517,0.000815859009007972,"9.09524707188879",9.10195000952117
"X5718","622","1","622",-0.00407819032891328,0.000804858108248606,"9.09524707188879",9.09116888155988
"X9817","623","1","623",0.000511635606277387,0.000804831390037812,"9.09524707188879",9.09575870749507
"X7296","624","1","624",0.00451103514519995,0.000812944532139681,"9.09524707188879",9.09975810703399
"X9678","625","1","625",0.000854300728763308,0.000827107233858104,"9.09524707188879",9.09610137261755
"X6008","626","1","626",-0.00340205564883179,0.000814529569609708,"9.09524707188879",9.09184501623996
"X5993","627","1","627",0.00300878137141333,0.000812072356261558,"9.09524707188879",9.0982558532602
"X6960","628","1","628",0.00438954154666296,0.000812259797689064,"9.09524707188879",9.09963661343545
"X8297","629","1","629",0.00102488055762273,0.000794465830301384,"9.09524707188879",9.09627195244641
"X8366","630","1","630",0.00131842794555347,0.000841628915727168,"9.09524707188879",9.09656549983434
"X5772","631","1","631",0.00822200841046558,0.000828736296199367,"9.09524707188879",9.10346908029926
"X6099","632","1","632",-0.00668038448238094,0.000823225450616396,"9.09524707188879",9.08856668740641
"X9980","633","1","633",0.00167586112533734,0.000850602787947493,"9.09524707188879",9.09692293301413
"X5893","634","1","634",0.00155729473264641,0.000801681402814143,"9.09524707188879",9.09680436662144
"X506","635","1","635",0.00297986024332653,0.000811418947454222,"9.09524707188879",9.09822693213212
"X9840","636","1","636",3.50940383692373e-05,0.000815888276061554,"9.09524707188879",9.09528216592716
"X9085","637","1","637",-0.002429137696746,0.000811690163111198,"9.09524707188879",9.09281793419204
"X6296","638","1","638",0.00176110043383596,0.000809848740648737,"9.09524707188879",9.09700817232263
"X9709","639","1","639",-0.000264059241342427,0.00082528757811559,"9.09524707188879",9.09498301264745
"X9788","640","1","640",0.00248562107725811,0.000812039792683195,"9.09524707188879",9.09773269296605
"X10001","641","1","641",0.00729207505458385,0.000857697543287258,"9.09524707188879",9.10253914694337
"X9973","642","1","642",0.0112627900050424,0.000799588099954233,"9.09524707188879",9.10650986189383
"X9542","643","1","643",0.00750498934496524,0.000830331420478421,"9.09524707188879",9.10275206123376
"X6709","644","1","644",0.00279829080383288,0.000846013600255711,"9.09524707188879",9.09804536269262
"X7028","645","1","645",0.0121849417728836,0.000832289494106154,"9.09524707188879",9.10743201366167
"X5768","646","1","646",0.00470737522807969,0.000828823518036748,"9.09524707188879",9.09995444711687
"X6194","647","1","647",0.00355720871070641,0.000840028548007205,"9.09524707188879",9.0988042805995
"X801","648","1","648",0.00472911360608207,0.000838294608191097,"9.09524707188879",9.09997618549487
"X9388","649","1","649",0.00130797908382642,0.000826788928682274,"9.09524707188879",9.09655505097262
"X9543","650","1","650",-0.00619664032979963,0.000836650912492963,"9.09524707188879",9.08905043155899
"X9585","651","1","651",-0.00852914018397531,0.000823018129461868,"9.09524707188879",9.08671793170481
"X10018","652","1","652",-0.00119238604971755,0.00084084966392961,"9.09524707188879",9.09405468583907
"X9115","653","1","653",0.00765160374570739,0.00079847827555314,"9.09524707188879",9.1028986756345
"X9084","654","1","654",0.00762733319042454,0.000798261850042429,"9.09524707188879",9.10287440507921
"X9628","655","1","655",0.00943453578851074,0.000802095412577375,"9.09524707188879",9.1046816076773
"X8343","656","1","656",0.010346069834851,0.000786672754924748,"9.09524707188879",9.10559314172364
"X6174","657","1","657",0.00907150355684977,0.000824496669130419,"9.09524707188879",9.10431857544564
"X9801","658","1","658",0.0147432941136491,0.000819117981286645,"9.09524707188879",9.10999036600244
"X8386","659","1","659",0.00909689214160931,0.000806600220818588,"9.09524707188879",9.1043439640304
"X9739","660","1","660",0.00634340398217617,0.000786352535627825,"9.09524707188879",9.10159047587097
"X9636","661","1","661",-0.00276613945931882,0.000801121140249072,"9.09524707188879",9.09248093242947
"X7515","662","1","662",0.00408025194332214,0.000808912044817277,"9.09524707188879",9.09932732383211
"X9783","663","1","663",0.000466080407697282,0.000818781144710974,"9.09524707188879",9.09571315229649
"X9567","664","1","664",0.00464975963515059,0.000839005563236748,"9.09524707188879",9.09989683152394
"X2017","665","1","665",0.00283366142862404,0.000891052760151219,"9.09524707188879",9.09808073331742
"X9550","666","1","666",0.00760807694883083,0.00084388363921677,"9.09524707188879",9.10285514883762
"X9839","667","1","667",-0.00169215214243509,0.000849907232793986,"9.09524707188879",9.09355491974635
"X5748","668","1","668",-0.00129832463777313,0.000849218258044617,"9.09524707188879",9.09394874725102
"X10015","669","1","669",0.0122465422452834,0.000827410669640769,"9.09524707188879",9.10749361413407
"X9880","670","1","670",0.0112521226253929,0.000857369966382892,"9.09524707188879",9.10649919451418
"X9897","671","1","671",-0.000551113661450988,0.000825535375543281,"9.09524707188879",9.09469595822734
"X9809","672","1","672",0.00186275734863376,0.000828388541051848,"9.09524707188879",9.09710982923743
"X9106","673","1","673",-0.00667430791426427,0.000874581822247103,"9.09524707188879",9.08857276397453
"X6680","674","1","674",0.00508615830344123,0.000828311061307791,"9.09524707188879",9.10033323019223
"X9898","675","1","675",0.00115161489056268,0.00085556754805658,"9.09524707188879",9.09639868677935
"X8236","676","1","676",0.000887319460372956,0.000867649184482345,"9.09524707188879",9.09613439134916
"X6133","677","1","677",-4.37062366703067e-05,0.000867153604467178,"9.09524707188879",9.09520336565212
"X10010","678","1","678",0.00305724787206172,0.000848273864919962,"9.09524707188879",9.09830431976085
"X9757","679","1","679",-0.00300735219228387,0.000851410144485258,"9.09524707188879",9.09223971969651
"X9701","680","1","680",0.00289805685175684,0.000854872718830543,"9.09524707188879",9.09814512874055
"X9651","681","1","681",-0.00585787536366946,0.000849019407081546,"9.09524707188879",9.08938919652512
